[
  {
    "id": 1,
    "title": "Backpack",
    "price": 45.99,
    "category": "bags",
    "image": "https://picsum.photos/id/1068/300/200"
  },
  {
    "id": 2,
    "title": "Running Shoes",
    "price": 79.50,
    "category": "shoes",
    "image": "https://picsum.photos/id/21/300/200"
  },
  {
    "id": 3,
    "title": "Headphones",
    "price": 129.99,
    "category": "electronics",
    "image": "https://picsum.photos/id/180/300/200"
  },
  {
    "id": 4,
    "title": "Graphic Tee",
    "price": 19.99,
    "category": "clothing",
    "image": "https://picsum.photos/id/1005/300/200"
  },
  {
    "id": 5,
    "title": "Wallet",
    "price": 24.00,
    "category": "accessories",
    "image": "https://picsum.photos/id/433/300/200"
  }
]
